-- phpMyAdmin SQL Dump
-- version 4.7.4
-- https://www.phpmyadmin.net/
--
-- Host: 127.0.0.1
-- Generation Time: Nov 30, 2017 at 02:49 PM
-- Server version: 10.1.26-MariaDB
-- PHP Version: 7.0.23

SET SQL_MODE = "NO_AUTO_VALUE_ON_ZERO";
SET AUTOCOMMIT = 0;
START TRANSACTION;
SET time_zone = "+00:00";


/*!40101 SET @OLD_CHARACTER_SET_CLIENT=@@CHARACTER_SET_CLIENT */;
/*!40101 SET @OLD_CHARACTER_SET_RESULTS=@@CHARACTER_SET_RESULTS */;
/*!40101 SET @OLD_COLLATION_CONNECTION=@@COLLATION_CONNECTION */;
/*!40101 SET NAMES utf8mb4 */;

--
-- Database: `gallery_loadmore`
--

-- --------------------------------------------------------

--
-- Table structure for table `comments`
--

CREATE TABLE `comments` (
  `id` int(11) NOT NULL,
  `product_id` int(11) NOT NULL,
  `user_id` int(11) NOT NULL,
  `comment` text NOT NULL,
  `created_at` timestamp NOT NULL DEFAULT CURRENT_TIMESTAMP ON UPDATE CURRENT_TIMESTAMP,
  `updated_at` timestamp NOT NULL DEFAULT '0000-00-00 00:00:00'
) ENGINE=InnoDB DEFAULT CHARSET=latin1;

--
-- Dumping data for table `comments`
--

INSERT INTO `comments` (`id`, `product_id`, `user_id`, `comment`, `created_at`, `updated_at`) VALUES
(1, 3, 1, 'yes', '2017-11-20 01:41:52', '2017-11-20 01:41:52'),
(2, 2, 1, 'hello', '2017-11-20 01:45:46', '2017-11-20 01:45:46'),
(3, 3, 1, 'hello', '2017-11-20 02:03:29', '2017-11-20 02:03:29'),
(4, 2, 1, 'hhh', '2017-11-20 02:23:01', '2017-11-20 02:23:01'),
(5, 2, 1, 'Lorem Ipsum is simply dummy text of the printing and typesetting industry. Lorem Ipsum has been the industry\'s standard dummy text ever since the 1500s, when an unknown printer took a galley of type and scrambled it to make a type specimen book. It has survived not only five centuries, but also the leap into electronic typesetting, remaining essentially unchanged. It was popularised in the 1960s with the release of Letraset sheets con', '2017-11-21 06:09:29', '2017-11-20 03:44:06'),
(6, 2, 1, 'testing comment', '2017-11-20 23:52:33', '2017-11-20 23:52:33'),
(7, 2, 1, 'testing comment', '2017-11-20 23:54:08', '2017-11-20 23:54:08'),
(8, 4, 1, 'New Comment', '2017-11-20 23:54:21', '2017-11-20 23:54:21'),
(9, 2, 2, 'ki obostha', '2017-11-21 00:25:58', '2017-11-21 00:25:58');

-- --------------------------------------------------------

--
-- Table structure for table `likes`
--

CREATE TABLE `likes` (
  `id` int(11) NOT NULL,
  `user_id` int(11) NOT NULL,
  `product_id` int(11) NOT NULL
) ENGINE=InnoDB DEFAULT CHARSET=latin1;

--
-- Dumping data for table `likes`
--

INSERT INTO `likes` (`id`, `user_id`, `product_id`) VALUES
(1, 1, 1),
(2, 1, 2),
(3, 2, 1),
(4, 2, 2);

-- --------------------------------------------------------

--
-- Table structure for table `migrations`
--

CREATE TABLE `migrations` (
  `id` int(10) UNSIGNED NOT NULL,
  `migration` varchar(255) COLLATE utf8mb4_unicode_ci NOT NULL,
  `batch` int(11) NOT NULL
) ENGINE=InnoDB DEFAULT CHARSET=utf8mb4 COLLATE=utf8mb4_unicode_ci;

--
-- Dumping data for table `migrations`
--

INSERT INTO `migrations` (`id`, `migration`, `batch`) VALUES
(1, '2014_10_12_000000_create_users_table', 1),
(2, '2014_10_12_100000_create_password_resets_table', 1);

-- --------------------------------------------------------

--
-- Table structure for table `password_resets`
--

CREATE TABLE `password_resets` (
  `email` varchar(100) COLLATE utf8mb4_unicode_ci NOT NULL,
  `token` varchar(255) COLLATE utf8mb4_unicode_ci NOT NULL,
  `created_at` timestamp NULL DEFAULT NULL
) ENGINE=InnoDB DEFAULT CHARSET=utf8mb4 COLLATE=utf8mb4_unicode_ci;

-- --------------------------------------------------------

--
-- Table structure for table `products`
--

CREATE TABLE `products` (
  `product_row_id` int(20) NOT NULL,
  `product_name` varchar(255) NOT NULL,
  `product_price` float(8,2) NOT NULL,
  `product_image` varchar(255) NOT NULL,
  `product_views` int(11) NOT NULL DEFAULT '0',
  `product_likes` int(11) NOT NULL DEFAULT '0',
  `created_at` timestamp NOT NULL DEFAULT CURRENT_TIMESTAMP ON UPDATE CURRENT_TIMESTAMP,
  `updated_at` timestamp NOT NULL DEFAULT '0000-00-00 00:00:00'
) ENGINE=InnoDB DEFAULT CHARSET=latin1;

--
-- Dumping data for table `products`
--

INSERT INTO `products` (`product_row_id`, `product_name`, `product_price`, `product_image`, `product_views`, `product_likes`, `created_at`, `updated_at`) VALUES
(1, 'Product 1', 100.00, '1.jpg', 429, 2, '2017-11-30 13:46:40', '2017-11-30 07:46:40'),
(2, 'Product 2', 100.00, '2.jpg', 579, 2, '2017-11-30 13:46:48', '2017-11-30 07:46:48'),
(3, 'Product 3', 60.00, '3.jpg', 63, 0, '2017-11-30 13:45:11', '2017-11-30 07:45:11'),
(4, 'Product 4', 50.00, '4.jpg', 22, 0, '2017-11-30 07:52:34', '2017-11-30 01:52:34'),
(5, 'Product 5', 100.00, '5.jpg', 20, 0, '2017-11-30 13:16:36', '2017-11-30 07:16:36'),
(6, 'Product 6', 100.00, '6.jpg', 17, 0, '2017-11-30 07:55:10', '2017-11-30 01:55:10'),
(7, 'Product 7', 60.00, '7.jpg', 17, 0, '2017-11-20 05:48:30', '2017-11-19 23:48:30'),
(8, 'Product 8', 50.00, '8.jpg', 5, 0, '2017-11-20 08:01:45', '2017-11-20 02:01:45'),
(9, 'Product 9', 100.00, '9.jpg', 19, 0, '2017-11-30 13:42:01', '2017-11-30 07:42:01'),
(10, 'Product 10', 100.00, '10.jpg', 12, 0, '2017-11-30 12:16:30', '2017-11-30 06:16:30'),
(11, 'Product 11', 60.00, '11.jpg', 7, 0, '2017-11-30 09:24:28', '2017-11-30 03:24:28'),
(12, 'Product 12', 50.00, '12.jpg', 60, 0, '2017-11-30 09:24:26', '2017-11-30 03:24:26'),
(13, 'Product 13', 100.00, '13.jpg', 18, 0, '2017-11-30 09:13:37', '2017-11-30 03:13:37'),
(14, 'Product 1', 100.00, '1.jpg', 7, 0, '2017-11-30 13:32:17', '2017-11-30 07:32:17'),
(15, 'Product 2', 100.00, '2.jpg', 28, 0, '2017-11-21 07:14:08', '2017-11-21 01:14:08'),
(16, 'Product 3', 60.00, '3.jpg', 80, 0, '2017-11-30 13:22:33', '2017-11-30 07:22:33'),
(17, 'Product 4', 50.00, '4.jpg', 6, 0, '2017-11-20 05:55:59', '2017-11-19 23:55:59'),
(18, 'Product 5', 100.00, '5.jpg', 54, 0, '2017-11-15 05:52:41', '2017-11-14 23:52:41'),
(19, 'Product 6', 100.00, '6.jpg', 0, 0, '2017-11-13 09:53:14', '0000-00-00 00:00:00'),
(20, 'Product 7', 60.00, '7.jpg', 17, 0, '2017-11-15 07:22:08', '2017-11-15 01:22:08'),
(21, 'Product 8', 50.00, '8.jpg', 11, 0, '2017-11-30 13:32:30', '2017-11-30 07:32:30'),
(22, 'Product 9', 100.00, '9.jpg', 26, 0, '2017-11-16 13:10:37', '2017-11-16 07:10:37'),
(23, 'Product 10', 100.00, '10.jpg', 98, 0, '2017-11-30 13:17:56', '2017-11-30 07:17:56'),
(24, 'Product 11', 60.00, '11.jpg', 16, 0, '2017-11-30 13:28:13', '2017-11-30 07:28:13'),
(25, 'Product 12', 50.00, '12.jpg', 3, 0, '2017-11-30 13:28:25', '2017-11-30 07:28:25'),
(26, 'Product 13', 100.00, '13.jpg', 9, 0, '2017-11-15 05:24:55', '2017-11-14 23:24:55'),
(27, 'Product 1', 100.00, '1.jpg', 0, 0, '2017-11-13 09:53:14', '0000-00-00 00:00:00'),
(28, 'Product 2', 100.00, '2.jpg', 0, 0, '2017-11-13 09:53:14', '0000-00-00 00:00:00'),
(29, 'Product 3', 60.00, '3.jpg', 1, 0, '2017-11-30 13:17:59', '2017-11-30 07:17:59'),
(30, 'Product 4', 50.00, '4.jpg', 0, 0, '2017-11-13 09:53:14', '0000-00-00 00:00:00'),
(31, 'Product 5', 100.00, '5.jpg', 9, 0, '2017-11-15 05:25:01', '2017-11-14 23:25:01'),
(32, 'Product 6', 100.00, '6.jpg', 10, 0, '2017-11-30 13:25:31', '2017-11-30 07:25:31'),
(33, 'Product 7', 60.00, '7.jpg', 223, 0, '2017-11-15 06:54:19', '2017-11-15 00:54:19'),
(34, 'Product 8', 50.00, '8.jpg', 1, 0, '2017-11-30 13:16:07', '2017-11-30 07:16:07'),
(35, 'Product 9', 100.00, '9.jpg', 0, 0, '2017-11-13 09:53:14', '0000-00-00 00:00:00'),
(36, 'Product 10', 100.00, '10.jpg', 8, 0, '2017-11-30 09:09:54', '2017-11-30 03:09:54'),
(37, 'Product 11', 60.00, '11.jpg', 0, 0, '2017-11-13 09:53:14', '0000-00-00 00:00:00'),
(38, 'Product 12', 50.00, '12.jpg', 0, 0, '2017-11-13 09:53:14', '0000-00-00 00:00:00'),
(39, 'Product 13', 100.00, '13.jpg', 112, 0, '2017-11-30 13:26:32', '2017-11-30 07:26:32'),
(40, 'Product 1', 100.00, '1.jpg', 11, 0, '2017-11-30 13:21:08', '2017-11-30 07:21:08'),
(41, 'Product 2', 100.00, '2.jpg', 0, 0, '2017-11-13 09:53:14', '0000-00-00 00:00:00'),
(42, 'Product 3', 60.00, '3.jpg', 0, 0, '2017-11-13 09:53:14', '0000-00-00 00:00:00'),
(43, 'Product 4', 50.00, '4.jpg', 0, 0, '2017-11-13 09:53:14', '0000-00-00 00:00:00'),
(44, 'Product 5', 100.00, '5.jpg', 0, 0, '2017-11-13 09:53:14', '0000-00-00 00:00:00'),
(45, 'Product 6', 100.00, '6.jpg', 22, 0, '2017-11-30 13:33:13', '2017-11-30 07:33:13'),
(46, 'Product 7', 60.00, '7.jpg', 1, 0, '2017-11-15 08:25:32', '2017-11-15 02:25:32'),
(47, 'Product 8', 50.00, '8.jpg', 1, 0, '2017-11-30 13:16:14', '2017-11-30 07:16:14'),
(48, 'Product 9', 100.00, '9.jpg', 0, 0, '2017-11-13 09:53:14', '0000-00-00 00:00:00'),
(49, 'Product 10', 100.00, '10.jpg', 1, 0, '2017-11-30 13:19:54', '2017-11-30 07:19:54'),
(50, 'Product 11', 60.00, '11.jpg', 0, 0, '2017-11-13 09:53:14', '0000-00-00 00:00:00'),
(51, 'Product 12', 50.00, '12.jpg', 1, 0, '2017-11-30 09:09:40', '2017-11-30 03:09:40'),
(52, 'Product 1', 100.00, '1.jpg', 1, 0, '2017-11-15 08:25:37', '2017-11-15 02:25:37'),
(53, 'Product 2', 100.00, '2.jpg', 1, 0, '2017-11-30 13:25:15', '2017-11-30 07:25:15'),
(54, 'Product 3', 60.00, '3.jpg', 0, 0, '2017-11-13 09:53:14', '0000-00-00 00:00:00'),
(55, 'Product 4', 50.00, '4.jpg', 0, 0, '2017-11-13 09:53:14', '0000-00-00 00:00:00'),
(56, 'Product 5', 100.00, '5.jpg', 0, 0, '2017-11-13 09:53:14', '0000-00-00 00:00:00'),
(57, 'Product 6', 100.00, '6.jpg', 0, 0, '2017-11-13 09:53:14', '0000-00-00 00:00:00'),
(58, 'Product 7', 60.00, '7.jpg', 5, 0, '2017-11-30 13:22:37', '2017-11-30 07:22:37'),
(59, 'Product 8', 50.00, '8.jpg', 20, 0, '2017-11-15 07:14:49', '2017-11-15 01:14:49'),
(60, 'Product 9', 100.00, '9.jpg', 6, 0, '2017-11-15 07:06:15', '2017-11-15 01:06:15'),
(61, 'Product 10', 100.00, '10.jpg', 0, 0, '2017-11-13 09:53:14', '0000-00-00 00:00:00'),
(62, 'Product 11', 60.00, '11.jpg', 0, 0, '2017-11-13 09:53:14', '0000-00-00 00:00:00'),
(63, 'Product 12', 50.00, '12.jpg', 0, 0, '2017-11-13 09:53:14', '0000-00-00 00:00:00'),
(64, 'Product 13', 100.00, '13.jpg', 8, 0, '2017-11-30 13:36:12', '2017-11-30 07:36:12'),
(65, 'Product 1', 100.00, '1.jpg', 0, 0, '2017-11-13 09:53:14', '0000-00-00 00:00:00'),
(66, 'Product 2', 100.00, '2.jpg', 0, 0, '2017-11-13 09:53:14', '0000-00-00 00:00:00'),
(67, 'Product 3', 60.00, '3.jpg', 0, 0, '2017-11-13 09:53:14', '0000-00-00 00:00:00'),
(68, 'Product 4', 50.00, '4.jpg', 0, 0, '2017-11-13 09:53:14', '0000-00-00 00:00:00'),
(69, 'Product 5', 100.00, '5.jpg', 0, 0, '2017-11-13 09:53:14', '0000-00-00 00:00:00'),
(70, 'Product 6', 100.00, '6.jpg', 0, 0, '2017-11-13 09:53:14', '0000-00-00 00:00:00'),
(71, 'Product 7', 60.00, '7.jpg', 0, 0, '2017-11-13 09:53:14', '0000-00-00 00:00:00'),
(72, 'Product 8', 50.00, '8.jpg', 0, 0, '2017-11-13 09:53:14', '0000-00-00 00:00:00'),
(73, 'Product 9', 100.00, '9.jpg', 1, 0, '2017-11-15 08:30:17', '2017-11-15 02:30:17'),
(74, 'Product 10', 100.00, '10.jpg', 1, 0, '2017-11-15 08:30:20', '2017-11-15 02:30:20'),
(75, 'Product 11', 60.00, '11.jpg', 29, 0, '2017-11-15 06:52:51', '2017-11-15 00:52:51'),
(76, 'Product 12', 50.00, '12.jpg', 2, 0, '2017-11-30 13:27:33', '2017-11-30 07:27:33'),
(77, 'Product 1', 100.00, '1.jpg', 3, 0, '2017-11-15 07:58:04', '2017-11-15 01:58:04'),
(78, 'Product 2', 100.00, '2.jpg', 0, 0, '2017-11-13 09:53:14', '0000-00-00 00:00:00'),
(79, 'Product 3', 60.00, '3.jpg', 0, 0, '2017-11-13 09:53:14', '0000-00-00 00:00:00'),
(80, 'Product 4', 50.00, '4.jpg', 0, 0, '2017-11-13 09:53:14', '0000-00-00 00:00:00'),
(81, 'Product 5', 100.00, '5.jpg', 0, 0, '2017-11-13 09:53:14', '0000-00-00 00:00:00'),
(82, 'Product 6', 100.00, '6.jpg', 0, 0, '2017-11-13 09:53:14', '0000-00-00 00:00:00'),
(83, 'Product 7', 60.00, '7.jpg', 0, 0, '2017-11-13 09:53:14', '0000-00-00 00:00:00'),
(84, 'Product 8', 50.00, '8.jpg', 0, 0, '2017-11-13 09:53:14', '0000-00-00 00:00:00'),
(85, 'Product 9', 100.00, '9.jpg', 0, 0, '2017-11-13 09:53:14', '0000-00-00 00:00:00'),
(86, 'Product 10', 100.00, '10.jpg', 1, 0, '2017-11-30 12:09:52', '2017-11-30 06:09:52'),
(87, 'Product 11', 60.00, '11.jpg', 1, 0, '2017-11-15 08:28:49', '2017-11-15 02:28:49'),
(88, 'Product 12', 50.00, '12.jpg', 0, 0, '2017-11-13 09:53:14', '0000-00-00 00:00:00'),
(89, 'Product 13', 100.00, '13.jpg', 0, 0, '2017-11-13 09:53:14', '0000-00-00 00:00:00'),
(90, 'Product 1', 100.00, '1.jpg', 0, 0, '2017-11-13 09:53:14', '0000-00-00 00:00:00'),
(91, 'Product 2', 100.00, '2.jpg', 0, 0, '2017-11-13 09:53:14', '0000-00-00 00:00:00'),
(92, 'Product 3', 60.00, '3.jpg', 0, 0, '2017-11-13 09:53:14', '0000-00-00 00:00:00'),
(93, 'Product 4', 50.00, '4.jpg', 0, 0, '2017-11-13 09:53:14', '0000-00-00 00:00:00'),
(94, 'Product 5', 100.00, '5.jpg', 0, 0, '2017-11-13 09:53:14', '0000-00-00 00:00:00'),
(95, 'Product 6', 100.00, '6.jpg', 0, 0, '2017-11-13 09:53:14', '0000-00-00 00:00:00'),
(96, 'Product 7', 60.00, '7.jpg', 0, 0, '2017-11-13 09:53:14', '0000-00-00 00:00:00'),
(97, 'Product 8', 50.00, '8.jpg', 0, 0, '2017-11-13 09:53:14', '0000-00-00 00:00:00'),
(98, 'Product 9', 100.00, '9.jpg', 0, 0, '2017-11-13 09:53:14', '0000-00-00 00:00:00'),
(99, 'Product 10', 100.00, '10.jpg', 0, 0, '2017-11-13 09:53:14', '0000-00-00 00:00:00'),
(100, 'Product 11', 60.00, '11.jpg', 2, 0, '2017-11-15 07:22:17', '2017-11-15 01:22:17'),
(102, 'Product 1', 100.00, '1.jpg', 1, 0, '2017-11-15 10:26:31', '2017-11-15 04:26:31'),
(103, 'Product 2', 100.00, '2.jpg', 1, 0, '2017-11-15 10:26:27', '2017-11-15 04:26:27'),
(104, 'Product 3', 60.00, '3.jpg', 0, 0, '2017-11-13 09:53:14', '0000-00-00 00:00:00'),
(105, 'Product 4', 50.00, '4.jpg', 3, 0, '2017-11-15 07:22:56', '2017-11-15 01:22:56'),
(106, 'Product 5', 100.00, '5.jpg', 1, 0, '2017-11-15 10:26:22', '2017-11-15 04:26:22'),
(107, 'Product 6', 100.00, '6.jpg', 0, 0, '2017-11-13 09:53:14', '0000-00-00 00:00:00'),
(108, 'Product 7', 60.00, '7.jpg', 1, 0, '2017-11-15 07:14:55', '2017-11-15 01:14:55'),
(109, 'Product 8', 50.00, '8.jpg', 0, 0, '2017-11-13 09:53:14', '0000-00-00 00:00:00'),
(110, 'Product 9', 100.00, '9.jpg', 0, 0, '2017-11-13 09:53:14', '0000-00-00 00:00:00'),
(111, 'Product 10', 100.00, '10.jpg', 0, 0, '2017-11-13 09:53:14', '0000-00-00 00:00:00'),
(112, 'Product 11', 60.00, '11.jpg', 0, 0, '2017-11-13 09:53:14', '0000-00-00 00:00:00'),
(113, 'Product 12', 50.00, '12.jpg', 5, 0, '2017-11-15 10:26:17', '2017-11-15 04:26:17'),
(114, 'Product 13', 100.00, '13.jpg', 2, 0, '2017-11-15 07:15:01', '2017-11-15 01:15:01'),
(115, 'Product 1', 100.00, '1.jpg', 2, 0, '2017-11-15 07:15:04', '2017-11-15 01:15:04'),
(116, 'Product 2', 100.00, '2.jpg', 1, 0, '2017-11-15 10:26:36', '2017-11-15 04:26:36'),
(117, 'Product 3', 60.00, '3.jpg', 0, 0, '2017-11-13 09:53:14', '0000-00-00 00:00:00'),
(118, 'Product 4', 50.00, '4.jpg', 0, 0, '2017-11-13 09:53:14', '0000-00-00 00:00:00'),
(119, 'Product 5', 100.00, '5.jpg', 0, 0, '2017-11-13 09:53:14', '0000-00-00 00:00:00'),
(120, 'Product 6', 100.00, '6.jpg', 1, 0, '2017-11-15 10:26:42', '2017-11-15 04:26:42'),
(121, 'Product 7', 60.00, '7.jpg', 1, 0, '2017-11-15 10:26:39', '2017-11-15 04:26:39'),
(122, 'Product 8', 50.00, '8.jpg', 0, 0, '2017-11-13 09:53:14', '0000-00-00 00:00:00'),
(123, 'Product 9', 100.00, '9.jpg', 0, 0, '2017-11-13 09:53:14', '0000-00-00 00:00:00'),
(124, 'Product 10', 100.00, '10.jpg', 0, 0, '2017-11-13 09:53:14', '0000-00-00 00:00:00'),
(125, 'Product 11', 60.00, '11.jpg', 1, 0, '2017-11-30 07:40:08', '2017-11-30 01:40:08'),
(126, 'Product 12', 50.00, '12.jpg', 1, 0, '2017-11-15 07:15:39', '2017-11-15 01:15:39'),
(127, 'Product 13', 100.00, '13.jpg', 0, 0, '2017-11-13 09:53:14', '0000-00-00 00:00:00'),
(128, 'Product 1', 100.00, '1.jpg', 0, 0, '2017-11-13 09:53:14', '0000-00-00 00:00:00'),
(129, 'Product 2', 100.00, '2.jpg', 0, 0, '2017-11-13 09:53:14', '0000-00-00 00:00:00'),
(130, 'Product 3', 60.00, '3.jpg', 0, 0, '2017-11-13 09:53:14', '0000-00-00 00:00:00'),
(131, 'Product 4', 50.00, '4.jpg', 0, 0, '2017-11-13 09:53:14', '0000-00-00 00:00:00'),
(132, 'Product 5', 100.00, '5.jpg', 0, 0, '2017-11-13 09:53:14', '0000-00-00 00:00:00'),
(133, 'Product 6', 100.00, '6.jpg', 0, 0, '2017-11-13 09:53:14', '0000-00-00 00:00:00'),
(134, 'Product 7', 60.00, '7.jpg', 0, 0, '2017-11-13 09:53:14', '0000-00-00 00:00:00'),
(135, 'Product 8', 50.00, '8.jpg', 0, 0, '2017-11-13 09:53:14', '0000-00-00 00:00:00'),
(136, 'Product 9', 100.00, '9.jpg', 0, 0, '2017-11-13 09:53:14', '0000-00-00 00:00:00'),
(137, 'Product 10', 100.00, '10.jpg', 0, 0, '2017-11-13 09:53:14', '0000-00-00 00:00:00'),
(138, 'Product 11', 60.00, '11.jpg', 0, 0, '2017-11-13 09:53:14', '0000-00-00 00:00:00'),
(139, 'Product 12', 50.00, '12.jpg', 1, 0, '2017-11-15 10:26:59', '2017-11-15 04:26:59'),
(140, 'Product 13', 100.00, '13.jpg', 0, 0, '2017-11-13 09:53:14', '0000-00-00 00:00:00'),
(141, 'Product 1', 100.00, '1.jpg', 0, 0, '2017-11-13 09:53:14', '0000-00-00 00:00:00'),
(142, 'Product 2', 100.00, '2.jpg', 0, 0, '2017-11-13 09:53:14', '0000-00-00 00:00:00'),
(143, 'Product 3', 60.00, '3.jpg', 6, 0, '2017-11-15 06:56:09', '2017-11-15 00:56:09'),
(144, 'Product 4', 50.00, '4.jpg', 0, 0, '2017-11-13 09:53:14', '0000-00-00 00:00:00'),
(145, 'Product 5', 100.00, '5.jpg', 3, 0, '2017-11-15 06:56:12', '2017-11-15 00:56:12'),
(146, 'Product 6', 100.00, '6.jpg', 0, 0, '2017-11-13 09:53:14', '0000-00-00 00:00:00'),
(147, 'Product 7', 60.00, '7.jpg', 0, 0, '2017-11-13 09:53:14', '0000-00-00 00:00:00'),
(148, 'Product 8', 50.00, '8.jpg', 1, 0, '2017-11-15 08:26:26', '2017-11-15 02:26:26'),
(149, 'Product 9', 100.00, '9.jpg', 2, 0, '2017-11-30 13:33:35', '2017-11-30 07:33:35'),
(150, 'Product 10', 100.00, '10.jpg', 1, 0, '2017-11-15 10:26:48', '2017-11-15 04:26:48'),
(151, 'Product 11', 60.00, '11.jpg', 2, 0, '2017-11-19 08:34:27', '2017-11-19 02:34:27'),
(152, 'Product 1', 100.00, '1.jpg', 0, 0, '2017-11-13 09:53:14', '0000-00-00 00:00:00'),
(153, 'Product 2', 100.00, '2.jpg', 0, 0, '2017-11-13 09:53:14', '0000-00-00 00:00:00'),
(154, 'Product 3', 60.00, '3.jpg', 0, 0, '2017-11-13 09:53:14', '0000-00-00 00:00:00'),
(155, 'Product 4', 50.00, '4.jpg', 0, 0, '2017-11-13 09:53:14', '0000-00-00 00:00:00'),
(156, 'Product 5', 100.00, '5.jpg', 0, 0, '2017-11-13 09:53:14', '0000-00-00 00:00:00'),
(157, 'Product 6', 100.00, '6.jpg', 1, 0, '2017-11-19 08:34:30', '2017-11-19 02:34:30'),
(158, 'Product 7', 60.00, '7.jpg', 1, 0, '2017-11-15 10:26:52', '2017-11-15 04:26:52'),
(159, 'Product 8', 50.00, '8.jpg', 0, 0, '2017-11-13 09:53:14', '0000-00-00 00:00:00'),
(160, 'Product 9', 100.00, '9.jpg', 0, 0, '2017-11-13 09:53:14', '0000-00-00 00:00:00'),
(161, 'Product 10', 100.00, '10.jpg', 1, 0, '2017-11-30 13:35:41', '2017-11-30 07:35:41'),
(162, 'Product 11', 60.00, '11.jpg', 0, 0, '2017-11-13 09:53:14', '0000-00-00 00:00:00'),
(163, 'Product 12', 50.00, '12.jpg', 0, 0, '2017-11-13 09:53:14', '0000-00-00 00:00:00'),
(164, 'Product 13', 100.00, '13.jpg', 0, 0, '2017-11-13 09:53:14', '0000-00-00 00:00:00'),
(165, 'Product 1', 100.00, '1.jpg', 0, 0, '2017-11-13 09:53:14', '0000-00-00 00:00:00'),
(166, 'Product 2', 100.00, '2.jpg', 1, 0, '2017-11-15 08:26:30', '2017-11-15 02:26:30'),
(167, 'Product 3', 60.00, '3.jpg', 0, 0, '2017-11-13 09:53:14', '0000-00-00 00:00:00'),
(168, 'Product 4', 50.00, '4.jpg', 0, 0, '2017-11-13 09:53:14', '0000-00-00 00:00:00'),
(169, 'Product 5', 100.00, '5.jpg', 1, 0, '2017-11-15 10:26:56', '2017-11-15 04:26:56'),
(170, 'Product 6', 100.00, '6.jpg', 0, 0, '2017-11-13 09:53:14', '0000-00-00 00:00:00'),
(171, 'Product 7', 60.00, '7.jpg', 0, 0, '2017-11-13 09:53:14', '0000-00-00 00:00:00'),
(172, 'Product 8', 50.00, '8.jpg', 0, 0, '2017-11-13 09:53:14', '0000-00-00 00:00:00'),
(173, 'Product 9', 100.00, '9.jpg', 0, 0, '2017-11-13 09:53:14', '0000-00-00 00:00:00'),
(174, 'Product 10', 100.00, '10.jpg', 0, 0, '2017-11-13 09:53:14', '0000-00-00 00:00:00'),
(175, 'Product 11', 60.00, '11.jpg', 0, 0, '2017-11-13 09:53:14', '0000-00-00 00:00:00'),
(176, 'Product 12', 50.00, '12.jpg', 1, 0, '2017-11-15 08:26:34', '2017-11-15 02:26:34'),
(177, 'Product 13', 100.00, '13.jpg', 0, 0, '2017-11-13 09:53:14', '0000-00-00 00:00:00'),
(178, 'Product 1', 100.00, '1.jpg', 0, 0, '2017-11-13 09:53:14', '0000-00-00 00:00:00'),
(179, 'Product 2', 100.00, '2.jpg', 0, 0, '2017-11-13 09:53:14', '0000-00-00 00:00:00'),
(180, 'Product 3', 60.00, '3.jpg', 0, 0, '2017-11-13 09:53:14', '0000-00-00 00:00:00'),
(181, 'Product 4', 50.00, '4.jpg', 3, 0, '2017-11-15 06:56:26', '2017-11-15 00:56:26'),
(182, 'Product 5', 100.00, '5.jpg', 0, 0, '2017-11-13 09:53:14', '0000-00-00 00:00:00'),
(183, 'Product 6', 100.00, '6.jpg', 0, 0, '2017-11-13 09:53:14', '0000-00-00 00:00:00'),
(184, 'Product 7', 60.00, '7.jpg', 0, 0, '2017-11-13 09:53:14', '0000-00-00 00:00:00'),
(185, 'Product 8', 50.00, '8.jpg', 0, 0, '2017-11-13 09:53:14', '0000-00-00 00:00:00'),
(186, 'Product 9', 100.00, '9.jpg', 0, 0, '2017-11-13 09:53:14', '0000-00-00 00:00:00'),
(187, 'Product 10', 100.00, '10.jpg', 0, 0, '2017-11-13 09:53:14', '0000-00-00 00:00:00'),
(188, 'Product 11', 60.00, '11.jpg', 0, 0, '2017-11-13 09:53:14', '0000-00-00 00:00:00'),
(189, 'Product 12', 50.00, '12.jpg', 1, 0, '2017-11-15 08:26:39', '2017-11-15 02:26:39'),
(190, 'Product 13', 100.00, '13.jpg', 0, 0, '2017-11-13 09:53:14', '0000-00-00 00:00:00'),
(191, 'Product 1', 100.00, '1.jpg', 0, 0, '2017-11-13 09:53:14', '0000-00-00 00:00:00'),
(192, 'Product 2', 100.00, '2.jpg', 0, 0, '2017-11-13 09:53:14', '0000-00-00 00:00:00'),
(193, 'Product 3', 60.00, '3.jpg', 0, 0, '2017-11-13 09:53:14', '0000-00-00 00:00:00'),
(194, 'Product 4', 50.00, '4.jpg', 0, 0, '2017-11-13 09:53:14', '0000-00-00 00:00:00'),
(195, 'Product 5', 100.00, '5.jpg', 0, 0, '2017-11-13 09:53:14', '0000-00-00 00:00:00'),
(196, 'Product 6', 100.00, '6.jpg', 0, 0, '2017-11-13 09:53:14', '0000-00-00 00:00:00'),
(197, 'Product 7', 60.00, '7.jpg', 0, 0, '2017-11-13 09:53:14', '0000-00-00 00:00:00'),
(198, 'Product 8', 50.00, '8.jpg', 0, 0, '2017-11-13 09:53:14', '0000-00-00 00:00:00'),
(199, 'Product 9', 100.00, '9.jpg', 1, 0, '2017-11-15 07:15:43', '2017-11-15 01:15:43'),
(200, 'Product 10', 100.00, '10.jpg', 0, 0, '2017-11-13 09:53:14', '0000-00-00 00:00:00'),
(201, 'Product 11', 60.00, '11.jpg', 1, 0, '2017-11-15 07:15:46', '2017-11-15 01:15:46'),
(208, 'tuktuk', 100.00, '1510812114.jpg', 7, 0, '2017-11-19 08:10:20', '2017-11-19 02:10:20');

-- --------------------------------------------------------

--
-- Table structure for table `users`
--

CREATE TABLE `users` (
  `id` int(10) UNSIGNED NOT NULL,
  `name` varchar(255) COLLATE utf8mb4_unicode_ci NOT NULL,
  `email` varchar(100) COLLATE utf8mb4_unicode_ci NOT NULL,
  `password` varchar(255) COLLATE utf8mb4_unicode_ci NOT NULL,
  `remember_token` varchar(100) COLLATE utf8mb4_unicode_ci DEFAULT NULL,
  `created_at` timestamp NULL DEFAULT NULL,
  `updated_at` timestamp NULL DEFAULT NULL
) ENGINE=InnoDB DEFAULT CHARSET=utf8mb4 COLLATE=utf8mb4_unicode_ci;

--
-- Dumping data for table `users`
--

INSERT INTO `users` (`id`, `name`, `email`, `password`, `remember_token`, `created_at`, `updated_at`) VALUES
(1, 'Arnab', 'abdullah@gmail.com', '$2y$10$1TBMPL4mtn8dQIlLu10AiufwtFbO4IFNRSMGcqA4pKqcTHPpjJEnW', 'w7M4UdUOvoGdlyjuyZ3Tzacl8hEnrwMvqXmZhvfSxRIx4J7LV1KUyUG8CxRn', '2017-11-19 03:49:06', '2017-11-19 03:49:06'),
(2, 'Rakibul Hasan', 'r@kib.com', '$2y$10$J3Ae2X7mpHB2qZlyn2/8l.f5T.Nqcu5YQGWpoUXCNWN4ISUQOnpcq', 'MYVETyBhuWg0eQkzWOK8xkLeLpTmB4wdrM0GnP8ND5IefnbwIkviZwU6226n', '2017-11-20 00:01:07', '2017-11-20 00:01:07');

--
-- Indexes for dumped tables
--

--
-- Indexes for table `comments`
--
ALTER TABLE `comments`
  ADD PRIMARY KEY (`id`);

--
-- Indexes for table `likes`
--
ALTER TABLE `likes`
  ADD PRIMARY KEY (`id`);

--
-- Indexes for table `migrations`
--
ALTER TABLE `migrations`
  ADD PRIMARY KEY (`id`);

--
-- Indexes for table `password_resets`
--
ALTER TABLE `password_resets`
  ADD KEY `password_resets_email_index` (`email`);

--
-- Indexes for table `products`
--
ALTER TABLE `products`
  ADD PRIMARY KEY (`product_row_id`);

--
-- Indexes for table `users`
--
ALTER TABLE `users`
  ADD PRIMARY KEY (`id`),
  ADD UNIQUE KEY `users_email_unique` (`email`);

--
-- AUTO_INCREMENT for dumped tables
--

--
-- AUTO_INCREMENT for table `comments`
--
ALTER TABLE `comments`
  MODIFY `id` int(11) NOT NULL AUTO_INCREMENT, AUTO_INCREMENT=10;

--
-- AUTO_INCREMENT for table `likes`
--
ALTER TABLE `likes`
  MODIFY `id` int(11) NOT NULL AUTO_INCREMENT, AUTO_INCREMENT=5;

--
-- AUTO_INCREMENT for table `migrations`
--
ALTER TABLE `migrations`
  MODIFY `id` int(10) UNSIGNED NOT NULL AUTO_INCREMENT, AUTO_INCREMENT=3;

--
-- AUTO_INCREMENT for table `products`
--
ALTER TABLE `products`
  MODIFY `product_row_id` int(20) NOT NULL AUTO_INCREMENT, AUTO_INCREMENT=209;

--
-- AUTO_INCREMENT for table `users`
--
ALTER TABLE `users`
  MODIFY `id` int(10) UNSIGNED NOT NULL AUTO_INCREMENT, AUTO_INCREMENT=3;
COMMIT;

/*!40101 SET CHARACTER_SET_CLIENT=@OLD_CHARACTER_SET_CLIENT */;
/*!40101 SET CHARACTER_SET_RESULTS=@OLD_CHARACTER_SET_RESULTS */;
/*!40101 SET COLLATION_CONNECTION=@OLD_COLLATION_CONNECTION */;
